Depth,DisplayDistance,halfHeight,trials.thisRepN,trials.thisTrialN,trials.thisN,trials.thisIndex,thisRow.t,notes,stimulus_id,response_key,rt_s,Participant ID,IOD,Session,
10,500,2.5,0,0,0,0,,,,3,0.327057499998773,test,64,1,
10,500,3.75,0,1,1,1,,,,6,0.19349920000240672,test,64,1,
10,500,5.0,0,2,2,2,,,,3,0.3856249000018579,test,64,1,
10,500,6.25,0,3,3,3,,,,6,0.018938399996841326,test,64,1,
10,500,7.5,0,4,4,4,,,,3,0.5745574000029592,test,64,1,
30,500,2.5,0,5,5,5,,,,6,0.17871800000284566,test,64,1,
30,500,3.75,0,6,6,6,,,,3,0.2216915000026347,test,64,1,
30,500,5.0,0,7,7,7,,,,6,0.4151597999953083,test,64,1,
